no,teks_asli,sumber,tanggal,url,sentimen
1,"Kapolsek Natar Pastikan Program Makan Bergizi Gratis Aman, Seluruh Menu Lulus Uji Food Security Sebelum Didistribusikan - Website Resmi Polri Kapolsek Natar Pastikan Program Makan Bergizi Gratis Aman, Seluruh Menu Lulus Uji Food Security Sebelum Didistribusikan Website Resmi Polri",Google News,"Fri, 07 Aug 2026 11:42:07 GMT",https://news.google.com/rss/articles/CBMimAJBVV95cUxPb1hiVkluOEFwclZLQ1ZKOEJRYlQtWWdjNWtickZDWWFBWk1fQzZSeG1pSk11Rl94Wk4xVDl0NGlKWURyeFJPYmFzbDczNGVpWEVsOHJZYmlYcW5fM1QtVm9mWVZCN3RmQmJTd0xjLXRRVXVMS1I3cktaNDJSb2F3MVJDTHhyQmN0ZnJWR0ZxODFBVzV5MWNJZEswc1IxelBfRko0Z0RfUm1FbUZjMHVTd3otVndwUjV0NUJoWG5fMXRwSmZaaUo2ZlNBZEkwZW5MMEZGRmNYNnJRX2VXdXhUNjFLM2VvU2lWeHk1ZFhTb2s5Z3lqVXZYSmExVDFJT1RtZDU0OHVXRUtiUHZTOGp3ajlmNmxxRUp2?oc=5,
2,"Dukung Program Makan Bergizi Gratis, Polres Ngawi Cek Kesiapan di SPPG - memorandum.disway.id - Memorandum.co.id Dukung Program Makan Bergizi Gratis, Polres Ngawi Cek Kesiapan di SPPG - memorandum.disway.id Memorandum.co.id",Google News,"Fri, 07 Aug 2026 01:44:00 GMT",https://news.google.com/rss/articles/CBMitwFBVV95cUxOV0s5V1RJWWdpcWdBUDR6QUJCVm1MeExhYURRRGlxS1NTTmpFOW9fMmVVblR4SzVMdmtEcmhUXzhIWHVxaU5mRUZPVjZnMnNTTkJ1cHdicTZScDZOOFEtOEs5NHcwSE9YRHNRSDNPM214TV9XQlQ5SDJxN3NRRUVZZ3ViR2FlQTE4dl9Wc3JYeFpwUF9VbTE1UzVCZ2h4QWhQZlFaUFd2dWUyaGlQb0N0SHR2NnNrX2fSAa4BQVVfeXFMUF9heFo3aG8xcnhCOFlfVVpfUkpiOU1VeEUxS1J0MVp6dWlxc2JyXzEweHJqNGZkbm16ZmZKSXI1dHJiWXJlaHkyRkNnSDJHQ0R2ZFQ0VEVUanhoU2VkSDNQRFVrWWhrVFl0ak5KWVA4c1dKbGlvZXZnYlpVYy1qckdyejJ5bXY2WVY1ZDVEOF94ZDc2anRmLTRQa3pXMlJncjhNSnM2Y1ZvMUJCMVJR?oc=5,
3,Pemprov Riau Optimalkan Pangan Lokal Dukung Program Makan Bergizi Gratis - RRI.co.id Pemprov Riau Optimalkan Pangan Lokal Dukung Program Makan Bergizi Gratis RRI.co.id,Google News,"Fri, 07 Aug 2026 06:11:00 GMT",https://news.google.com/rss/articles/CBMiuAFBVV95cUxQZnZhN3hBVWRmQkF3SlZ4dXowLTZkN2tTM2Q0QW1jZVJ5bGR5VXYtVk85SG5qNjktcUZacVRqZ0JMZmJqN1FBaXlSb21QWVdmQWtoOEIzVDJfVTJreWM3cVZ4T2RPbTlWVHZBemN5TjVsZUF5QUNTUE5RN1VrRXpCRmh6SlY1OW8xbkNDNzZiODU3ODNSbkgtZlBLVjllWWJFWHNwYjI0MlJicDJHY3QzWnFEUlctUlVM?oc=5,
4,Evaluasi Program Makan Bergizi Gratis DPD Soroti Pengawasan Keamanan Pangan - Pikiran Rakyat Koran Evaluasi Program Makan Bergizi Gratis DPD Soroti Pengawasan Keamanan Pangan Pikiran Rakyat Koran,Google News,"Fri, 07 Aug 2026 03:19:39 GMT",https://news.google.com/rss/articles/CBMizwFBVV95cUxQcldoazFhS2JrSWFVbElUcHBDSTF3VmdpMFZveldxMEt0Ti1xNjNMTk1qbHBtZlI3dVNWalFvT1R3X1VkVl8yYmo0TExLYk4zajVMWkJ3Yi1tMmdGYXY2U29OZlJxUTdkNjNvMmFtVGZ6NExWdG5YckQzZkRyWVFYSzRscC10OVZJNkM2NzFfbEdZdC1NWHF1Ynl4aUM3X2lIT0VPLW0tOUdzVEtHMnJKYVRyQ1JnR0VnTUt3LW9VeS1zWlNsNTJ6SGFZM1lZRHM?oc=5,
5,Pemerintah Pertajam Target Program Makan Bergizi Gratis di Wilayah 3T - Warta Ekonomi Pemerintah Pertajam Target Program Makan Bergizi Gratis di Wilayah 3T Warta Ekonomi,Google News,"Thu, 06 Aug 2026 12:53:00 GMT",https://news.google.com/rss/articles/CBMiqwFBVV95cUxNY3pXek1yRkZyWGRrdnNOWGJRQ3oxeVM3R3F1cVIwd0xzQTlFMmRwUUItZFBRY3Jwd1pxOWlUakhkNW5mOFIySTN5NWUwdU1zOF8wa1B5RXNFQWtycFhuV1FMa1ZuclhnMFR2cUxhX1A1V1FvSjIwbk84YldjQTQ4WnZNb0JpWG9Wa1l6d09qT3FrZmtzc2dMQ2l6YmNZdnVZT2xoZkV4eW5yUknSAbABQVVfeXFMTi1JWXo0eGd4X09xUDUzVE16UktJZ2hOWFczQU1SY1RVUjVjdFFjYUxCNW9yamp6TjVlMUNtdXJyQ2pBbGxkUkt3c3J6OHZjT01OSm5CazhsU2lHYVRlbkI0dWFuallOV3B5cjlPTEwyeWNGZGpPbjRxWTQyS3c3bFRZLXFhQVBTdGpjYm5hRERiNU90TnpFbWl0dlZyUm9DeFN2S2JqdDhkQzNjdnBDc3E?oc=5,
6,"Program Makan Bergizi Gratis Fokus ke Wilayah Stunting, Ini Strategi BGN - RRI.co.id Program Makan Bergizi Gratis Fokus ke Wilayah Stunting, Ini Strategi BGN RRI.co.id",Google News,"Thu, 06 Aug 2026 05:30:00 GMT",https://news.google.com/rss/articles/CBMiqgFBVV95cUxQamo3NVloTXdjSndhMFhNNXN1LVFKRlRKYXIydkUwVDJBQTJIeEl1WHhOQS1MNDA4cllHMGgtS1JWQzd2alQzbHB3XzhTVlljczExcnlUbkg1RnZkYm93UmVRTmNBMmVYQTZwUGZkR1RMXzNHSHJCWENTLWNTa0NrTzVaSTBLbDVUMzFNa2tGOUN6Rk0wMHU5bkt2NkJ2Q3dwV2pyX0x4Tm1PQQ?oc=5,
7,Diskominfo Siak Kembangkan Aplikasi Pengawasan Program Makan Bergizi Gratis - RRI.co.id Diskominfo Siak Kembangkan Aplikasi Pengawasan Program Makan Bergizi Gratis RRI.co.id,Google News,"Thu, 06 Aug 2026 07:30:00 GMT",https://news.google.com/rss/articles/CBMivgFBVV95cUxQR3NtLUxlSnU3Tkk4SHh5R3ppYTE4R3V2YXZydjZGTHh2bk5kREs5bFNfOXNzZTVnSVcyMDY2akRoZU8yekViWVEyRmlYdkExUmsta2RoVVNaODIwb3E2SHZuWllXTk1QTk40M0JrVHNHV3U0TVFDX3R2NVlKM01WNkZ5NVNla1BDdXF0ME5IMHc3X1JmSGJIVktPVExQXzF3R1h6MS01Z2RLSnFjQ3NuRExhQ2lqMWk4WEh4a2JR?oc=5,
8,BGN Buka Kolaborasi Perkuat Program Makan Bergizi Gratis - RRI.co.id BGN Buka Kolaborasi Perkuat Program Makan Bergizi Gratis RRI.co.id,Google News,"Thu, 06 Aug 2026 00:41:00 GMT",https://news.google.com/rss/articles/CBMilwFBVV95cUxOQXZXSmMwVlVnSmJ6b0FkMENDal9GRUExNkhQRF9VWWZOTGo5ZFZiQUpfZDJ2NWJ2MmpHMWphR2pGQnZYaVhUeTBleFVKTE1vZlA3bnpBOWFONXdWVnZEc1hmNzZjeFp4aU4tYVRsYkRFT0RRR3lFMEtIUi0zblYweEItZDEyeTFibVZ6TkQ4VnJEOVlLb29R?oc=5,
9,Mas Dar Tegaskan Putusan MK Justru Perkuat Program Makan Bergizi Gratis - bgn.go.id Mas Dar Tegaskan Putusan MK Justru Perkuat Program Makan Bergizi Gratis bgn.go.id,Google News,"Mon, 03 Aug 2026 19:45:11 GMT",https://news.google.com/rss/articles/CBMiqgFBVV95cUxQVEV4b05wdUFhLTl4akZ0Zmp0b3NDanlOWU9MbWhwVHBaenVxMGppYzJSaU90LXVseEtqcUNCRjY5UWZhdGRHbWV5YlhRNm80VjJWdTd4bU44MUhTU1RVVUdteG9aQXU1TGlFNnBEcEVpaEdmSnV4QzJ5MF8xcGliTy1LNjJVQWJkWlVLU3NSbVk2WkszM1l4eE5FTzExM2s1WTB3TXo4OUpMUQ?oc=5,
10,"SPPG Condongcatur 4 Sosialisasikan Program Makan Bergizi Gratis bagi Ibu Hamil, Ibu Menyusui, dan Balita - Media Center Sembada SPPG Condongcatur 4 Sosialisasikan Program Makan Bergizi Gratis bagi Ibu Hamil, Ibu Menyusui, dan Balita Media Center Sembada",Google News,"Fri, 07 Aug 2026 03:12:44 GMT",https://news.google.com/rss/articles/CBMi5AFBVV95cUxQdE00UmNVb3RUMWdvMzRWLTBJZGt3c2JIWWlwZWpOcFd6X1hBVlFHMk91bXlPX1hUUlZZZzg4Xzl4VUota3lZbWIteXNrNkZWNjE0N2tsQWdZWkxjLWlXcjFmZUhzY0xvOV9wWXhyeE81dDVDWVdrSHFDNEFBdV95UkNpMWpfTWs3aTBrMmVMbDVLVXFhaXpxZzBQdmlKVVU5bHdNY2ZPSHZTS1pqd3lRMklEWjZOTzZXdkt2cUpVekZ4MGl1WkZqeHY1UnRkclJsWkpGT0xMa2JTN3FLRjlpbGhNalk?oc=5,
11,Kesiapan Sektor Pertanian Indonesia Menghadapi Ambisi Program Makan Bergizi - Kompasiana.com Kesiapan Sektor Pertanian Indonesia Menghadapi Ambisi Program Makan Bergizi Kompasiana.com,Google News,"Sat, 08 Aug 2026 12:46:07 GMT",https://news.google.com/rss/articles/CBMi5gFBVV95cUxNMnVzakVZdGxIM0JQWWg2UzRBSl90c0ViRmVyeXlQWldqcnIzblktQWFyY2Z0b3VLQUs5eWRDTVh5TEoxYkdibzdDa1lzTFRxNmZsRUpnRzMzWTJfcjhSQUNIajJjMHFRbGViSTNhQ1hrLU9mUklUR3ZwSDNRaXc3alNaelFFaUlqdU9FUGc4TFRaRWpybW9TZjF1S09nTkJUa3ZmaXdzSWppSDBlUlVMMnFPUS1rOWxVZ0RjNmhxWjJxNTMzNE1LVnJfMjZUWWNpbWVIUGhLM0VZbURlalNRWTExQ1JCUQ?oc=5,
12,BGN Targetkan Nol Kasus Keracunan dalam Program Makan Bergizi Gratis - KilasJatim.com BGN Targetkan Nol Kasus Keracunan dalam Program Makan Bergizi Gratis KilasJatim.com,Google News,"Fri, 07 Aug 2026 23:17:54 GMT",https://news.google.com/rss/articles/CBMipgFBVV95cUxPZ0l5Ul9Wa0VaMWZoTGg1bUZUU0p1RGt5bzR2NXp6NDAydnpPRVJxSXlLdXdVSUsycE5SamZDc2k5ZW5UQmZva3BjWk9vY3J4cG5rZVhkVVZDVlg2WTlaN1RLeElDLWZPcXFwcXhFX1NjQ0oyamx6eTRtZEVPQ3pXUER2QkRaQXBOVWlvNE15ejJEcEVRdmRDNjBqRGRSb2I5YXNxd25n?oc=5,
13,Gubernur Andra Soni Tegaskan Komitmen Pemprov Banten Dukung Program Makan Bergizi Gratis - bantenprov.go.id Gubernur Andra Soni Tegaskan Komitmen Pemprov Banten Dukung Program Makan Bergizi Gratis bantenprov.go.id,Google News,"Tue, 04 Aug 2026 08:34:38 GMT",https://news.google.com/rss/articles/CBMivAFBVV95cUxQcFpoSERkWk9yZVoyT091SU83NVhlUXBUU0hZZzRoeHp3bmpBd1BnWVdrd3ZkZXlqcUgwczVUWHMxbEpUR2FqUVhNTnJQVHFBZGJKejVCN2pPN0ZXUVBuV1NoUGVmSWhLZ1B5eHNaQ2lEaHJ5ZkRpSDQzcjJQdjVrVEl2YU14Z0JtSHFiWGFoRm1rX1ROM0Y5cG1QVHd3VURlUGMwcXhHNjlweWRqdlpIbW5fS3o4eTBpdklJdg?oc=5,
14,"MBG Terus Berbenah, Keamanan Pangan Menjadi Prioritas - beritanasionalupdate.com MBG Terus Berbenah, Keamanan Pangan Menjadi Prioritas beritanasionalupdate.com",Google News,"Sat, 08 Aug 2026 09:55:43 GMT",https://news.google.com/rss/articles/CBMipwFBVV95cUxNVFBHa0N2c05wMFhHTkM2UUFVdllDUDJKdmtJaWljU1NGMzNsRlZOcWh5OFllbHJ1eGhpYzN3V29OcHU4LWkyaWg5a25ldm1kazFDSnFfd0Q4MWJtNmpSMmF6MHBFM2Q5VTRiZUxBQW43OGpyaVpicTFhT1Q1Wk1pbDB2OGh6ZmZIdC1kREZzVk1Hc3RKb0Q0MDk2ak9feU16cTh2OWFIaw?oc=5,
15,Ratusan Sekolah Swasta Elite Dicoret dari Program Makan Bergizi Gratis - Rmol.id Ratusan Sekolah Swasta Elite Dicoret dari Program Makan Bergizi Gratis Rmol.id,Google News,"Sat, 08 Aug 2026 00:20:00 GMT",https://news.google.com/rss/articles/CBMiuwFBVV95cUxQUUQtTnh2RFJfajhzZjdsdW40dWR2cEVSRVlPU3BkWl95UDBncHc0aDMwa0hrRDVXcjcyN0VVUzh3VWdjTk1XNk1mUnlZdkFzWm90eFpDRTJncmx4RndIeUxIWnRBajRFMG1DX2FwcmtoM3QyZUdnYk1SZ1E0ZTJLUmF6NFdZaFFnWG1uSWNYVlFadHMwQ1U5WG5jUURtTzFnMFlWelFYTXEwS3laN3JrSmE0S2p2SnJ3ck9V?oc=5,
16,"Guru Besar: Bahan pangan lokal jaga kualitas MBG, biaya terjangkau - ANTARA News Sulteng Guru Besar: Bahan pangan lokal jaga kualitas MBG, biaya terjangkau ANTARA News Sulteng",Google News,"Sat, 08 Aug 2026 05:10:52 GMT",https://news.google.com/rss/articles/CBMirgFBVV95cUxQbDVNSFlLSy0zTjJJLXlDMUY3MzhuQWQzODRNd25QNWF6QlVDaGwzeFVjNGFqRm5kSlhtVjFIaG90cnl5NURKZnU4d1ZXVGxoVTRDVHhEaWJQaGZzV0Q3RXV2ZU16bGZXUGRmVHhTY2dqeWFHck5tbG12NEE0d053NUdqeWdJMnpiVFg1aWhqdGlvR2hjX2FoMEZwQUNBNFFhZXh1WDFqQVB5X21fUGc?oc=5,
17,"BGN Temukan 6 Juta Data Ganda Penerima MBG, DPR Desak Verifikasi Total - Aktual.com BGN Temukan 6 Juta Data Ganda Penerima MBG, DPR Desak Verifikasi Total Aktual.com",Google News,"Sat, 08 Aug 2026 11:08:17 GMT",https://news.google.com/rss/articles/CBMiQkFVX3lxTFBRNlJyZkhBTm1HYkQ5R0hqSHFoeUI5UEpxZ1pCOFFGVnpBZDMyZGg4Ql91ZFRUR3VpZG9FT3lzaUhaQQ?oc=5,
18,Sudaryono 'Usir' Pejabat BGN ke Daerah Demi Awasi Makan Bergizi Gratis - Warta Ekonomi Sudaryono 'Usir' Pejabat BGN ke Daerah Demi Awasi Makan Bergizi Gratis Warta Ekonomi,Google News,"Sat, 08 Aug 2026 09:16:00 GMT",https://news.google.com/rss/articles/CBMiqgFBVV95cUxOXzFlZUpGVlZ4NHZpc0dCeFl5bktNZnhiQzZGRmJvdzFTSk1SVnRLTm9RMUVOWU14cHhXYU1PT2F0MzA3eUNQOFdHaGo4d2FHZ05UR2JFUjFWdlBjNndVLVBVNXl0LUttbm9XekRkUzQ1cU0zaEFQSTRwMFhoc1BYYVo2VDhndEJ1NTI1WFgzZHdGX0ZIZmR5U2psWmMwaVQ1eDhBOGxOaFIxUdIBrwFBVV95cUxOeFgyYUZoV0ppVnl2eDVaM2JXU19DdnVmbThjR1IteDB3RWIwZUdEeDd2U0k3b28xcjB1UHZ2VVo0TExsNHFud1RVZk8tWE9BQkV2Sk9lZHBUV1ZWWHZXY3ptWkhfZzRlTG8yV2FFMVFqeTZxR0xHOEgxUGNiRnN1Z1ZnN2tTakpfZVZJWFRvcGhmMGZUa2VvU0pmd2lxTHpDaXNvTm9UelI0Y215LXdV?oc=5,
19,BGN dan Kemenkes Kolaborasi Sempurnakan Pelaksanaan Makan Bergizi Gratis - InvestorTrust BGN dan Kemenkes Kolaborasi Sempurnakan Pelaksanaan Makan Bergizi Gratis InvestorTrust,Google News,"Wed, 05 Aug 2026 15:49:00 GMT",https://news.google.com/rss/articles/CBMiswFBVV95cUxQS01iTlY2RXJoaFZYM0pZTGFPcVhkdXRZd1ZtcWdBVWNWYUp3cHM1RDBTRm1SRDk2MXRYMktZTkFreXEtOHk1dWJ5bEwzZmtlazRUdDljZTNqMm43ZFUydl9GM2pFdkxvMmhuNnVqbDVnd2tyZ3Q2T2FBSnBGYmswbkNmMmItZ0dtWHd6d2JJNHdCZnl5Sjc5TXAxQTBTUHhwX0NybWRzZ0NVYWpNZ091OUM3VQ?oc=5,
20,Daftar Perbaikan Tata Kelola MBG di Bawah Komando Sudaryono - CNN Indonesia Daftar Perbaikan Tata Kelola MBG di Bawah Komando Sudaryono CNN Indonesia,Google News,"Sat, 08 Aug 2026 07:50:13 GMT",https://news.google.com/rss/articles/CBMivwFBVV95cUxQVWtwZ0NTdlVORk1xWURLckswRDl5bmRJNTdmLUVSelRIckhGa0tnNlVJTUtVOElNdzlwaEhFZ3FJLUFvM1hVS3JTZldLOWExbXRIV3hqdlNwQV9tN2RmMnpEbEJjRERCekV2ZFlhV0llOXh0dFk5N0NlSVRoTkgwRm54VmVDdVBJOHQ4aFdHb2I3aE9wZjBqOS1lU00yMjZLS1E0b3RBY2lZbHlwajhjaUxuQ2lQYWxibmFYZzVQc9IBxAFBVV95cUxPNVJ1VUJicDBQUWd2ZU1yem9tRnJwTEJJM3VXTFc3UDhOMW4xMjVLWG1Od1pnSFZaaWtNSHJRdk5JbTNGeHNoRXdjTTVFc2t2SWtJMnNSMlBSYUgzRExocDBBdnd0WVJvQW14VEt5QlpIcmxPMS1KVGI0RGVGTF93b2RIYVlIV0s2T3FCa1QxWXpkY2ZtR1hxXzNRQUVoNFJoU09ubWgxcjNSZjQ0V2RRZ245QmR0cWVpNmo3UFNPUXoxaWli?oc=5,
21,"​Evaluasi Target Penerima Makan Bergizi Gratis, Ratusan Sekolah Swasta Elite Tak Lagi Jadi Sasaran - rmoljatim ​Evaluasi Target Penerima Makan Bergizi Gratis, Ratusan Sekolah Swasta Elite Tak Lagi Jadi Sasaran rmoljatim",Google News,"Sat, 08 Aug 2026 02:32:00 GMT",https://news.google.com/rss/articles/CBMivgFBVV95cUxQM1l0dERVbWZNQXp6N25PY040ODZaRkFPbHFrTHFvYzFsMUhBZXBTU1NxNlFQVXZLX2VJOVNoNTFmN2pzb1c0TmVfU0pHbmx6dDY5S2JkWk9QTjY3ZUt4dVVjazQ3WHZVVDRNd3JqX1huZVhaa3lzWEZLbVJhSXBLWVpBZVQxc3RhQ1hIUDNGSW1hUnBadzJ0NXR5NFFBVDhVUTNnS2tMd1hDMF8yNG55aDdwcUpvU05SbkU3bHN3?oc=5,
22,"Sinkronisasi Data dan Potensi Pangan Lokal, Riau Siap Sukseskan Program MBG - Media Center Riau Sinkronisasi Data dan Potensi Pangan Lokal, Riau Siap Sukseskan Program MBG Media Center Riau",Google News,"Thu, 06 Aug 2026 08:00:00 GMT",https://news.google.com/rss/articles/CBMivAFBVV95cUxNdlViZndQNDhBV2V3Z25yTWdRdVl6OXZiWHBGV3hSbUZ2ZjhpVlBRdmFzVElYZno0ZFk5cmZyMDJwd3BQTjVPRmxTS0Z6eU9zWDZJWmU5dmtXMXdsRWNYZ3ZXVE9WOU9YcHYyeHlTN2F4emtFaC03NnZWWGNtUGhobnVTYURhVVBmV1g5WnFIOTlhbWRhV0xRVm9nZm54UHB5Q3VjLXJ6dXNwVDEyakRWQWdpUXFSNUxCZS1mdA?oc=5,
23,Kepala BGN Respon Keluhan Guru Soal Pelaksanaan MBG di Sekolah - Indonesia Satu Kepala BGN Respon Keluhan Guru Soal Pelaksanaan MBG di Sekolah Indonesia Satu,Google News,"Sat, 08 Aug 2026 04:34:00 GMT",https://news.google.com/rss/articles/CBMimgFBVV95cUxOYnRTbk9xVElEVTFBV0YyRnk2aXJ3UnZaci1yVnhJOGVlMnhqakxjZ0hmTzhrcEEwVEF1Qjc1LWFJX1hRWEFJYUE2UnpHX0NLeHBseDgwcjBLVlhiSHBxQ3k0RllGZUZqZW5wUHlSZmpIVkdSTS1aUUVzbDRZdGthVHVsVERUdlh5TmttRWhyVFh0clg2RXVseFdB?oc=5,
24,Lebih dari 1.000 Pondok Pesantren Dapat Kelola Dapur MBG - bgn.go.id Lebih dari 1.000 Pondok Pesantren Dapat Kelola Dapur MBG bgn.go.id,Google News,"Fri, 07 Aug 2026 04:54:06 GMT",https://news.google.com/rss/articles/CBMimgFBVV95cUxOaHhBeVI1U0g0TmlMZnU1aDRLZC1KcmRCS0lDSktob2l6bFJtVkdwaWpBWDBxOWJFbThJUkRGSHV4SDRPVS13WURSa1V4RlZmeWRDWEtaVHJ5T1JCaFpicGRKd0FOSWJ4X01aRWxpLV9Fa0lBNVdOa0FNbHUzX0hLVF9yRFp3RkhSZHBna1pmRC1HOTRHcjJvaEdR?oc=5,
25,BGN Tindak Tegas Pelanggaran Internal dan SPPG Demi Menjaga Integritas Program Makan Bergizi Gratis - bgn.go.id BGN Tindak Tegas Pelanggaran Internal dan SPPG Demi Menjaga Integritas Program Makan Bergizi Gratis bgn.go.id,Google News,"Mon, 27 Jul 2026 23:37:26 GMT",https://news.google.com/rss/articles/CBMi1AFBVV95cUxOQmJvWGt5b0g5cmhjaVhFQ2VudTB3YTFWRC1UekU1Uy1aaGkxYkQtYzl3cjZ0NklvdmpTamdRZGkyWFRIcEV5Uk82VGV4Qm5LYlFqdVNjSVlUZjBzX0RSV1FaaTFCdzUzTHBZVXZFOFBNQ1JWOEU4SzYwOVJZOFU2NWRJM2tkTlRyS21Hc3dPNjdOcGpGeWFSSTJiUjZlSnNvMzEyNm5CcG5laDFTODlnd0dNRUltUFNaVDhMYW5ZM2RhdlNhU081SU90cG5jNVk2dFpOSA?oc=5,
26,Komisi X Minta Anggaran Pendidikan dan Makan Bergizi Gratis Dipisah Mulai 2027 - InvestorTrust Komisi X Minta Anggaran Pendidikan dan Makan Bergizi Gratis Dipisah Mulai 2027 InvestorTrust,Google News,"Tue, 04 Aug 2026 14:19:00 GMT",https://news.google.com/rss/articles/CBMitwFBVV95cUxNeW9UcHh1OUdMdUdvUkJQdlVMcTMtM1BkNTA2MEY3TnE3c0dlUWZIMC1XMGR4aWZBVUFneTMwajNSalA2djg1SUJkQzRYYlBpNzU3cTlMdVNRREYxaHMxX0w3aGdnTWNTeHVWOG1NYVJlUENiRTN2VGJQaWEyZU1IUVJmMC02OFJpUDJwVXJBZXIyTUNLZ0VuUG51UElDS1U2M0JvX2MybURzZXdlS2dMZzBaVWl1ZWs?oc=5,
27,BGN: Penerima manfaat MBG dapat pelayanan kesehatan optimal - ANTARA News Papua Tengah BGN: Penerima manfaat MBG dapat pelayanan kesehatan optimal ANTARA News Papua Tengah,Google News,"Fri, 07 Aug 2026 21:36:02 GMT",https://news.google.com/rss/articles/CBMiqgFBVV95cUxOc2xhQzB3azQ1Z2U0aEhDWHRXUVFxMDR1dGVNbHhmYW5xWGtoc282aE1sdEVLTGw0RkNOMjU3WGs5T2NXaWh4ejRsX3M4d015MDFYZ1dPUzI1UExISHhKeC1zSXI0bEJUSG81MjNoazQtRlhCdDdvZ044bk1XWWtvRlhuczcwTzJLUXBtclZ4SHllaFhPd04wcVN3YURTZDZpRk5HWVZYbE5RQdIBrwFBVV95cUxNT2szWWdpNnZRVlFSeWZxcl9ZSU5SRlNWb3dRd1hWVjRtUmYwQ1p6S1RrUUdKUjlLUzhkcndZVkJrN0FCdEY1NGpCU1FJQ3laX0xRNkpJZUJfa2NFc05ZNmZJaF96bV9qdWRwcHdmZnBBZThPZWt2TVFFd2xFRDc2N2RiVTdobXYzMEVOME9qTm9HVFMxNC1jSHhjTzdYRkRCaHFUOVRiVjYyZlVXRFAw?oc=5,
28,Wamendagri evaluasi tata kelola program MBG di Kabupaten Jayapura - ANTARA News Sulteng Wamendagri evaluasi tata kelola program MBG di Kabupaten Jayapura ANTARA News Sulteng,Google News,"Fri, 07 Aug 2026 07:24:01 GMT",https://news.google.com/rss/articles/CBMirwFBVV95cUxQOXRqSlNnQzd1aGs0am1KNG1zZXh0Z1YtOFlyMkNNQ2VBeEF4SDB0S3J4VEg0bHViQjc0T21UR3pBN2d5S2NEOW5Hb2lSbXZwSDNFV2FldFVBZ0xzQ2c2RWJlRE9jVnE3eWN5Y1JMWS1qZTAzWTktcWhjbGYtMmxGMVJ5MTduQ0xoVTlWUVpUdnRwT2ZfdVBmWkFfQVpPekM3RFFudFp0N1BvRFZRR0xN?oc=5,
29,"Keracunan MBG Terus Berulang, Kepala BGN: Perbaikan Tata Kelola Secepatnya - Kompas.id Keracunan MBG Terus Berulang, Kepala BGN: Perbaikan Tata Kelola Secepatnya Kompas.id",Google News,"Fri, 07 Aug 2026 13:17:00 GMT",https://news.google.com/rss/articles/CBMipAFBVV95cUxQSzJLejgwM2J0ci1BVmJtMWQzV3p4NEtkWWJ2d2V4LWFsWF9seTRJYlYzMFdrLWJjSjVrYmZJNERyTk1sUUxINFhZVHE5Mm1XTFEyTlJkaE1XNWZwcHYwMG0tYnVIckZyc1N0dlFONUJ0d3ZvNGJlWnFPSG5NZk1LWnNYYUtWMExiMktOMUVPaUhKckRjTG5vV19FYXB3YmZnYVBPSw?oc=5,
30,"BGN Pecat 66 Kepala Dapur MBG, Sembilan Kasus Berasal dari Kalimantan - EKSPOSKALTIM BGN Pecat 66 Kepala Dapur MBG, Sembilan Kasus Berasal dari Kalimantan EKSPOSKALTIM",Google News,"Sat, 08 Aug 2026 06:47:02 GMT",https://news.google.com/rss/articles/CBMisAFBVV95cUxQcWp2bU9GUFMtUzVoV3NLVjcweV9KT2NaMmFFVGRDT0VoWF9Xd0FlQVlGTEh0bkhhNjJxU1JMMWJHemNTNjFvMWwwRi1pVDlEdVN6clliWVJpRUxTS3J6WXdVZHhiUXdsVmlxYWtJejlUNTFLVHJEMURYdjNfRnk4SHBtYWJwYnBDWXc5dVZuZXVSSXB6ODdqdzNLTFhxdlpxR0NNRG5BWUxaLURvNmdaWg?oc=5,
31,Papua: Ratusan pelajar keracunan MBG – 'Seperti kasih makan binatang dalam kandang' - BBC Papua: Ratusan pelajar keracunan MBG – 'Seperti kasih makan binatang dalam kandang' BBC,Google News,"Thu, 06 Aug 2026 07:42:43 GMT",https://news.google.com/rss/articles/CBMiYEFVX3lxTE9QcDNaVmdhWW5ycE1HQzVzWmFmMHk5SlNmaTd5MDhCVklNRWEwaFBlQ09vU3FGY0VfTGlQUmVDeld4U2QtWlVzb2dacTVSdVkxWTdiZTZJUVN1VlQ1bzBuS9IBZkFVX3lxTFBNV0tpWlQ2OURLYnJxTS1aX1VvU3pKNG9VbXBSbl84Y3JrNnBqNXhqZGZJckFSX3NpLTdzVmIycldLU2dZckRudnRxRHZUdV9LOU8tNjdESzBLdU04OXctU0Y4TVdEZw?oc=5,
32,25 Siswa dan Guru di Bogor Keracunan Usai Diduga Santap Menu MBG - detikNews 25 Siswa dan Guru di Bogor Keracunan Usai Diduga Santap Menu MBG detikNews,Google News,"Fri, 07 Aug 2026 01:56:44 GMT",https://news.google.com/rss/articles/CBMipwFBVV95cUxNUXZMTGU2MWdFbG5pckpOLVN4Q280V01zWHRkVTdlal8tRXZ5U0VpRU1UNnlfUzJQdDZFaXdFSkZjeVV4R2xQYUF5VFRQNXhnNzRMVDZLSks1akgtVHVOaGZONmU5YjFyTkw5cmRYMUJMcGlYSERSb0RoTWVBOU16c0tWUXlkeGNjRmxQM0dkUW5Kdk5NZmFHdzJnYTVKcld5aW1tTE5zSdIBrAFBVV95cUxNcW11aTl2anlOWDJXX3kzNVRudTZ5ejdYVlRqckFPUDI1RjByUHdFcGpsS3pnQ1dWY0hYWVU5TThiRlVYMzRZR2xTRjVsNUVjZUhtTTdsZnprT0V5MVJIUHBLNFZzZFA1eHNQazFGanJrSjZOS2tkOERRQldHYUhqRVFFQkRva1BDRGM2Z3V2U2tCdzFXcDhkZlR2amZrN1VPMnRHaG1KS1kza1NK?oc=5,
33,BGN Temukan 6 Juta Data Ganda Penerima Makan Bergizi Gratis - Kompas.com BGN Temukan 6 Juta Data Ganda Penerima Makan Bergizi Gratis Kompas.com,Google News,"Thu, 06 Aug 2026 11:21:00 GMT",https://news.google.com/rss/articles/CBMisgFBVV95cUxPZUJ0NzJnU0E0YXpHaUFTdnJxWWNOYWJVeW5MU1lieWNYRDNTZzVqMVcyYkluc3lqX0xwS24wNEduZGFhejdzTzFKU0hxQklINmI0UWpja3ZUaW9oaEhkWEpldEF5alpSNzQtaDB5dGhvamJIRi16TTBZbjA2ZFgzTnVVMS1IMGJoZGNqVm9XQ2ZpS1NGczZnN3EwM2hOeWY0dFd1ZTFlaXZpU1oyX083TkxR?oc=5,
34,BGN Bantah Guru Dibebani Program MBG: Hanya Dampingi Siswa saat Makan - kumparan.com - Kumparan.com BGN Bantah Guru Dibebani Program MBG: Hanya Dampingi Siswa saat Makan - kumparan.com Kumparan.com,Google News,"Fri, 07 Aug 2026 14:28:00 GMT",https://news.google.com/rss/articles/CBMitAFBVV95cUxPdW5lQjhFTnlGQmx6QWJOaWNoVllrNDlZWVF0T1hKY2NXbm0wOG5xT1VxcEtMRE5WeDFXeGc1V0xOc0w1LW1renRqZVZ4aU1ZQkExNHpiSHpfZk9SREstbVZ3bnFPUmZHb2FZd041MmxIZ1c2MVA1YzV4Q09DWUlWejlHOTZ1VEJfY1B5V2c0ejhJSURKYXMtLVhFRTJtSVhQcGdzSE1MalYwaUNCb2JGLWlRS2_SAbwBQVVfeXFMTW8yal9QcVB6ZVVZZkNfSzJmTTZFTFpGbkxCeFN1d3ZUNFRCQ0t2d0RRTFM4MzNXd3dWMWE1bmtYN2ZtbWYyT2NyVGJOdDJGdE4zcU5BV2RNY0NPVDZNNDFNQ3duamhLNHd4Y2ZyaFBldDhZaFlfNFhqYWx0UU5tSTFHRVBSV0JIS2p3SHlJdzQ3SmRGMW4wSkZmTUxLOGxmS01jaUdFLVRLa2h0UGFGblRRUlhsQXRDRlhHUWU?oc=5,
35,Wali Kota Robinsar Resmikan 3 Dapur Makan Bergizi Gratis - Berita Cilegon Wali Kota Robinsar Resmikan 3 Dapur Makan Bergizi Gratis Berita Cilegon,Google News,"Wed, 05 Aug 2026 07:00:00 GMT",https://news.google.com/rss/articles/CBMirAFBVV95cUxPd3g3aTJXT2VFdy1odVFvekJ4Mi05a3RSekxQMTJFUFdTWnh0a2pEclZ6c2JVS3Nud010QW8tZXRfTGJHOVZLQWZNT2dWMWZuUWRjd1Jna3plYW5HMWF2NVNkbXFBTU83QTM1aDEwblJiMFZnOVExcmFGeVd1R0Vzdno2ZWZaeTkyQmNnMllGVGxwVlgtc0Z0M0lWcXE4MWE1WUVRRkVIMjF1LVdB?oc=5,
36,MK: Apakah pemerintah akan patuhi putusan soal anggaran MBG?,Google News,"Fri, 31 Jul 2026 07:00:00 GMT",https://news.google.com/rss/articles/CBMiYEFVX3lxTFBOS1BuQVFRbWVhS05pUlZ4d00yV21zSUd0T3c5QVkxYWFaX3UzWHE5V0VyS1kyZURtNS1kNDg5QTFBZGFnMTV5RlVOXzd0bW9EZjRhS1pBSVRXZlVLZGhDc9IBZkFVX3lxTE1BQWI5SUpKb3pPVFlMNTctSmYwdzJocUNBdWsxaHNpY0lBcnl5R0VYVktaYW1lTzdYMjlCVXcxN1VmQV9RWnRETnBaWUhYVGNWZEd6UG1sNFJkdy12WUVLTklETjhMZw?oc=5,
37,- BBC MK: Apakah pemerintah akan patuhi putusan soal anggaran MBG?,Google News,"Fri, 31 Jul 2026 07:00:00 GMT",https://news.google.com/rss/articles/CBMiYEFVX3lxTFBOS1BuQVFRbWVhS05pUlZ4d00yV21zSUd0T3c5QVkxYWFaX3UzWHE5V0VyS1kyZURtNS1kNDg5QTFBZGFnMTV5RlVOXzd0bW9EZjRhS1pBSVRXZlVLZGhDc9IBZkFVX3lxTE1BQWI5SUpKb3pPVFlMNTctSmYwdzJocUNBdWsxaHNpY0lBcnl5R0VYVktaYW1lTzdYMjlCVXcxN1VmQV9RWnRETnBaWUhYVGNWZEd6UG1sNFJkdy12WUVLTklETjhMZw?oc=5,
38,Badan Gizi Nasional Hitung Ulang Anggaran Makan Bergizi Gratis 2026 - achmadnurhidayat.id Badan Gizi Nasional Hitung Ulang Anggaran Makan Bergizi Gratis 2026 achmadnurhidayat.id,Google News,"Fri, 07 Aug 2026 15:40:27 GMT",https://news.google.com/rss/articles/CBMiaEFVX3lxTE9EWGlxYk5DWG4zckdfRFo5QnlraUM3dnFRM1NxcXpjWkpoMnZNMFUyb2U5cnhpS0x6NlhmNHVIODJlWDNUdDZuUHF3b1Ria1h3cWVrSGFpVWJUT3VQWXpJb0V6SzVtc3Ut?oc=5,
39,"Cegah Risiko Keracunan, Asda I Cilegon Mahmudin Tekankan SOP Program MBG - Berita Cilegon Cegah Risiko Keracunan, Asda I Cilegon Mahmudin Tekankan SOP Program MBG Berita Cilegon",Google News,"Sat, 08 Aug 2026 05:04:40 GMT",https://news.google.com/rss/articles/CBMixAFBVV95cUxNZkJTUXhtVU1oNzh5ZkxMZWpSMGp5TDJRN2t1U2oxOHRTRFNWVnZLUXZreVZwdGJhLV94M0Y2S1RnTXJWb2R5LTJSZEtpeXNrQlVlcEdnTENfSGtDYzJHLVcxZUtmU3NxcDBxS0laT1VsV3FKejZqeE5qTjZ4M0NLR3p3elJKdGlXQVVld0xwWWpralNFcHBOQThqMWo0R1FVWkVuYUtBS0p4Mk4wZ1lwUFpvX1BjYWNiTVEzQTVxT1RSdzFU?oc=5,
40,Rakortas MBG: Pemerintah Terus Matangkan Data Penerima Makan Bergizi Gratis - nasional.tvrinews.com Rakortas MBG: Pemerintah Terus Matangkan Data Penerima Makan Bergizi Gratis nasional.tvrinews.com,Google News,"Thu, 06 Aug 2026 14:07:00 GMT",https://news.google.com/rss/articles/CBMiuwFBVV95cUxOTjN5dlNOYUsybzc0V1VDbGlreGZ6RmtNMllGM1dBcXhRaFZ1WnFSek51MnVTM0tHZEVJZEx3UGs1WUxCeklpd04xSEo3UHNlNElQNC1EZU9ibnhNdEdiRXdsTVFDZlVONE1NdEV1bkQzc2JZeHZsU1NPdEgtUHZKRnRrTHNsNFdSLVdXdzJaWUhXZXNSbV9xemdjcW5rTklOT3hUaENUS3gxa2ZUWDBOdGVQVlpTUGtBd3BB?oc=5,
41,Penelitian Polinela dukung tata kelola Program MBG - ANTARA News Lampung Penelitian Polinela dukung tata kelola Program MBG ANTARA News Lampung,Google News,"Fri, 07 Aug 2026 12:21:50 GMT",https://news.google.com/rss/articles/CBMimwFBVV95cUxQRVRYcTRMQTVudUpwQUpBLWNad3hRX3NtV24tSzd1NmFIRlp6SjVjRVFUTkdRLS1MMnhwdDJzd2ZZLV9FNUVGcFd3dmpoeVNsbUdnLW84VlJTNXRhSVdzRm9oM1lONUwxLWItSFR1MURDbjE1MWNxQ3JrOGNSQTlBNGE1akdhQmR5azZya00yYl9OVGNuYjVhWUpsYw?oc=5,
42,BGN Buka 3 Jalur PO Box untuk Pengaduan Program MBG - Suara Surabaya BGN Buka 3 Jalur PO Box untuk Pengaduan Program MBG Suara Surabaya,Google News,"Sat, 08 Aug 2026 00:25:27 GMT",https://news.google.com/rss/articles/CBMinwFBVV95cUxNc2YxRmE2UTRvNG56MTM0c01lODdJV0pVQjlib0dHc1EyTmRaVjk3eTU4d2J6dWVNbkVQWlBSNWI4U0xfXy1zMjdSNURBemtNMzM2NURpSURuOE5URG5XT016a0NtNk0ydnA0NENPaU1tQ0xJUml4cGQ0cFVnTDFVcVhqOVJyaXRLdkFuT3R3dVVqY1BpX1l2TFJwdEpXY1nSAaQBQVVfeXFMUDBYTC1wa2FiMHIxTjBVRFF6d2ZuZURIMVVCYjRRVXhhUk04MDlaaUJSLW9ZV1ZPV1QyVjZQbGxzUnBpcGJoeDl1aTBQV1JrSWM2a1pEYndETlhWQ2dyRlJvUVBOVVhsWm5CazdsbzY1a3MyLW1CZWllSVdIUi1tSEN0aWlfbUJPLTdLWmJOVTl4UGg1VTJGUVNZbnQwTUZIWS1zMEc?oc=5,
43,Polda Metro Jaya Panen 82 Kg Pakcoy untuk Program MBG - Kompas.com Polda Metro Jaya Panen 82 Kg Pakcoy untuk Program MBG Kompas.com,Google News,"Thu, 06 Aug 2026 08:03:16 GMT",https://news.google.com/rss/articles/CBMilwFBVV95cUxORWJ2V0tLR2tYaGlGb3hudEJCM2RwZFpEaHFpUVVnN3hVeWh1SkE0YTlFbDhoQUNaZldvSXNHSGdoUmlMRFpyV1VBS2pteWt0OEJQekZHV05pS2dRY1N4M2p5X2NncnJWcWVwanpMVXRyQVViS3dKaC00czAxMGpMYlZkTHNPbGtrUVFlTVdvQlhqa3VqbjBB?oc=5,
44,Apa program MBG layak dapat Nobel Perdamaian?,Google News,"Thu, 06 Aug 2026 02:02:00 GMT",https://news.google.com/rss/articles/CBMiswFBVV95cUxNR3hMenI1X1RNeXp1ZjZhWHpYYm4wUUt4ekRWX0VtS053Y0RKX21UTlFPQXVoNWV2SjJFbmJLby1XcVJ5NnRvZlNkUzNFRVZ6eGF0TEFjZEJHc1dpaHUtQnFzc3dXelB2QVpKVUs2Tm5aMjNMOXdZZ00zZ21BMktpeTVIZnlCVUt4ZFVqcUEtMnNnRlBSeG83OUhkdzJVSjZ5WDlseTJGWlpZVENtQjRXMVZHMA?oc=5,
45,Belajar dari World Food Programme - The Conversation Apa program MBG layak dapat Nobel Perdamaian?,Google News,"Thu, 06 Aug 2026 02:02:00 GMT",https://news.google.com/rss/articles/CBMiswFBVV95cUxNR3hMenI1X1RNeXp1ZjZhWHpYYm4wUUt4ekRWX0VtS053Y0RKX21UTlFPQXVoNWV2SjJFbmJLby1XcVJ5NnRvZlNkUzNFRVZ6eGF0TEFjZEJHc1dpaHUtQnFzc3dXelB2QVpKVUs2Tm5aMjNMOXdZZ00zZ21BMktpeTVIZnlCVUt4ZFVqcUEtMnNnRlBSeG83OUhkdzJVSjZ5WDlseTJGWlpZVENtQjRXMVZHMA?oc=5,
46,Belajar dari World Food Programme The Conversation,Google News,"Thu, 06 Aug 2026 02:02:00 GMT",https://news.google.com/rss/articles/CBMiswFBVV95cUxNR3hMenI1X1RNeXp1ZjZhWHpYYm4wUUt4ekRWX0VtS053Y0RKX21UTlFPQXVoNWV2SjJFbmJLby1XcVJ5NnRvZlNkUzNFRVZ6eGF0TEFjZEJHc1dpaHUtQnFzc3dXelB2QVpKVUs2Tm5aMjNMOXdZZ00zZ21BMktpeTVIZnlCVUt4ZFVqcUEtMnNnRlBSeG83OUhkdzJVSjZ5WDlseTJGWlpZVENtQjRXMVZHMA?oc=5,
47,Efek Glory Program MBG: Antara Popularitas Politik dan Dampak Kebijakan Halaman 1 - Kompasiana.com Efek Glory Program MBG: Antara Popularitas Politik dan Dampak Kebijakan Halaman 1 Kompasiana.com,Google News,"Sat, 08 Aug 2026 04:42:55 GMT",https://news.google.com/rss/articles/CBMi0AFBVV95cUxOblBGUGhpYjEtOWg1UnhJTldyYlhlSDY1NGQ3R0ViVGxnNGNMT3lvLWtBdWFkYzVOdjZhdnZjSGZoLW1BYW1BeWVYOEJaa2xkVW9UeU42WFhtdS1OeWtLcEFVOGVTWklISXpkUG5VbG5NZHVIRk9NbGtxN3lTQTRaRWM5YVhlOC1KVHhhYkY4aGQzQUpLYkRyWjlqTEJybzRvUDBjd2ZZa3lKSHl1eS1udGN2NEw3c002TFhQN1hnTjZEMEVwc0NRMFpNeGlpRmds?oc=5,
48,Orang Tua Korban Keracunan di Jayapura Minta Program MBG Ditutup: Anak Saya Menderita - Suara.com Orang Tua Korban Keracunan di Jayapura Minta Program MBG Ditutup: Anak Saya Menderita Suara.com,Google News,"Sat, 08 Aug 2026 07:23:25 GMT",https://news.google.com/rss/articles/CBMiyAFBVV95cUxPYmVJRENtUnNYTnhuRUtkSWRZUTVWeDNVQTBQenNqTm5KRHNrOE5zNUUyNVN3RVVybVNud2M5V0tkeWZLVUNjWjFBV2Y0Z0dOT0tLQW1fMXpncHUtdTIxeUoyVDYyUVNLclVHbDhMYU9aMnN3bGtqOHItbE9TZVp4b0w1NHlSa3ZKa1k3WU1SYnRRazBMMTAxRFpiQ3k1OGhISXlGSTM0QW9XVGR3dDZlLUhqcEhRZVR4VzR3bmhqY3k5NTh2NGpWTtIByAFBVV95cUxOZnBXV1U4LUZGaFlTZnZhcWZlSmcwd3E2QnllYXNrTER1UldvUXBoTG5Hbl9ENDFyT3N4a19JSmljSDNpWFdZc29kc1FvMjFfcHNPSkQ0T1A2LTY4UUJybkx1SnNjOFkxbGdYNnVyajRLTzEyN2w4VUV1WUY2bXB5aDVPTHprRDA1Vk9FOXZYWjhja0R5aGZ6UWJXMTBaODVaa3hQaXJzSGxXQTcycm1IWkwwZ1cxS21jclhHRlIyaHlfako5c2trRw?oc=5,
49,Hashim Djojohadikusumo Tegaskan Program MBG Bakal Terus Berjalan - SINDOnews Nasional Hashim Djojohadikusumo Tegaskan Program MBG Bakal Terus Berjalan SINDOnews Nasional,Google News,"Fri, 07 Aug 2026 15:07:05 GMT",https://news.google.com/rss/articles/CBMivwFBVV95cUxPWUtVOEdhc0tzcGI2bHFzQnVtLUZZby1LdXliRnZySnJvMHhzbi05MU5HOTBDQnROZnpVdWxuRXhuTUdKOXU4bWl1OFVpa1BuNDdiMnM4SmpNQ1VnQnRUbWpnLWRJY3pmRnVjRDZXTjNiTmUzLWFMUGVuNmQwVEdlNl9NajhoRnFsSjdSMkhHNncyaWM4NjhsakxOd0ExM3VYbmpXVGsxSzZibjFUQ0F6b0JWMndYVG02amFTMlpPRdIBxAFBVV95cUxQNV9UWjAzT2UyZklOazMzY1VaS21faUkwaUlGanFLZkw1MkpQb0lZbjRqd2VpZkg3M0d1VmlXMmZHeE45cno4N090VUUzX3NLSjl2a3J2M0NhN1JUaTZ4aURjVlpKOThOT0VweW1nWVdHME9Fb25PYWdFSVcyRS1uWFgyNFI5VGR2dXFpNFozTVBMbU9ZdHdJNWJUSlUzRlQ5VTJjYmpCTVBVNUplOEdvSWQ3cUwxRk9UcXNXMFdqejFtTHlm?oc=5,
50,"Dukung Program Prabowo, PRI Minta Program MBG Diperbaiki - beritasatu.com Dukung Program Prabowo, PRI Minta Program MBG Diperbaiki beritasatu.com",Google News,"Sat, 08 Aug 2026 10:55:00 GMT",https://news.google.com/rss/articles/CBMioAFBVV95cUxQdlVESEswTi1TTGJiaXRhcmR6elNwRGFYQnJKMjQyMHVBdkh1b1RLc1JaRzFQcUdTOXpDOG91YnVXZVZZWDN2MVZ1TjQyS0Vtbjdyb2MzeFpfMy1PaUg2ZTM0a2NBLVBPaGhuejlfZWpZczV4bkozbTQ4cW42TU91SktjSEFYM0NNQmRVbWpGM2dFX3YtVkJ3WWpfN29NaUNM?oc=5,
51,"Evaluasi MBG, Prabowo Minta Program Kembali ke Konsep Awal - Kabar24 Evaluasi MBG, Prabowo Minta Program Kembali ke Konsep Awal Kabar24",Google News,"Thu, 06 Aug 2026 11:20:47 GMT",https://news.google.com/rss/articles/CBMirgFBVV95cUxOQll6TkhvaFduTXVFcXA1a2xEdmxodVJBeDZnOUliNWRLTGlJN2Vqb0dmd1U3MzJheXk2dzBjeUV0a0RqMjR2X1ZkTjJqcFZlakt4U2lLdk5YOTZBTGNFS01ScU42V0JBcXRyYUxNZ0d2TmpMZHZfSGpud1lDa2dMS3JxSFByYk5zbXNJaTBhdTFCZlBrZm9ucEd4U3BBY0ZaRDE4WTBlMzA3RDZ4dkE?oc=5,
52,Adidaya Institute Optimistis Sudaryono Mampu Perbaiki Tata Kelola Program MBG - Warta Ekonomi Adidaya Institute Optimistis Sudaryono Mampu Perbaiki Tata Kelola Program MBG Warta Ekonomi,Google News,"Fri, 07 Aug 2026 10:20:00 GMT",https://news.google.com/rss/articles/CBMitgFBVV95cUxQNU4xYW85d0NMb3dfWUJaTDdTOUR5X0NWVzc5eHQybGVUSWlva19aSXl1ejFpWDlPYng1V3pLWUp6a0F6cVFHQ3lQUlpyZVI2Qk1nVkVzTGRyNUFaMmdwWnlOWXdyZF9mcktrLURrbXhvUndxYTQxdFRoXzItR1ZaaGtsWlBnYjBoVmluV2RweTZ0cTg2Q3B0UVdFZFZHMkVma1Q2VWxQdmJnR21fRklmNGlhU1hrd9IBuwFBVV95cUxNb2RwUnhmYlF3bXFoMWIyY1NLVWFleUZoZVY5WlhWb1NRMW05RzZ0ZUwwNnBwLVNZT1JULWR5UHZGRmlQa2dPVndpMUFsRjJQQ1RMU2NhakRsVzNBSUZNM2lZcVp3RXFLX1FFN1pfcEYxc0ZRR1c5M3NfaEpUV3ZwcTE2LVlDWWFGWnJtLXJSaTlCWDBFNWtMNHlLN3Y0SG12dThGN1ExTVRPTmVKYWNYcnVlN1g5T29QRVVv?oc=5,
53,BGN Tegaskan Zero Tolerance Kasus Keracunan Program MBG - RRI.co.id BGN Tegaskan Zero Tolerance Kasus Keracunan Program MBG RRI.co.id,Google News,"Fri, 07 Aug 2026 23:00:00 GMT",https://news.google.com/rss/articles/CBMilAFBVV95cUxQNUJqODljeFpNRzdsbVR0eVJLZjNvRS1xaUFJM1BJek9LZkJLTFBMVVZKLXczMlJ3V1lVQmtIaV9Dc1NjS0FmcVBaZVdYTURSTHNMQXFKR29Id21SV3h3aHVpVUFPcHJKNW1XX2ZRQ3ZTWVloVlNjQUNPM2ViQ2tPNFZRUGw4aTYzR05PRmJiS2NxMFdl?oc=5,
54,MBG tidak layak diteruskan - Amnesty Indonesia MBG tidak layak diteruskan Amnesty Indonesia,Google News,"Wed, 05 Aug 2026 09:21:22 GMT",https://news.google.com/rss/articles/CBMijAFBVV95cUxNMWdWbG1yS1dsVEFQVWRNYkNta0hZZmxxS0hGRGZMRnRNbU1OZjdoTU1fNl84RkN1NE1DUHZjVGFiaEZZT1FQd2xhZ3JpMUNOd0hmLWt5Z0x2QzVPdFB0eXV6NWtzTmJMclpIN3hwQkNaNTVXTkdOV1lyMHd2RzZzZVpYejhfR0x2bHAwMg?oc=5,
55,Cahyo Harjo Apresiasi Pelaksanaan MBG di Surabaya - dprd.jatimprov.go.id Cahyo Harjo Apresiasi Pelaksanaan MBG di Surabaya dprd.jatimprov.go.id,Google News,"Fri, 07 Aug 2026 17:40:40 GMT",https://news.google.com/rss/articles/CBMilgFBVV95cUxOcnhpZEpJUVdWYjBjZXNKelNHSnJjUy14MFE2Mi14QXB0Y0JQZ0txX1AzVG93OXR2dnd1dTlmckExU1V0NUNIbmdZaDA4d0xqTFNxYk1fWHUxZUVtZVQ5YkQtU0NOOGFGR1piVVlCUm9iSU5YN1Q5am5Gc3ViNTA3YTVOYjFEbDZ1YkxONF9ydnl0akZJbmc?oc=5,
56,Sudaryono: Kepatuhan SOP Jadi Kunci Keamanan Pangan Program MBG - bgn.go.id Sudaryono: Kepatuhan SOP Jadi Kunci Keamanan Pangan Program MBG bgn.go.id,Google News,"Thu, 06 Aug 2026 02:45:30 GMT",https://news.google.com/rss/articles/CBMiowFBVV95cUxPMDE3cTUwV3RqbVd4ano0TUY0UGxseGpObXBVRFdOeWpLU2NRaFVnbW1nUTVHWVU3cGtJV0F6NHNtZ2FQNzg0cENDNUxSUTlxV0RIZ3Nhc2lSblpMLTNlbVdINmtucEp2b2RPZFFHSURRT1lYY0R3SC1NSGdsX2dDd05YVloxcVg5Z2VsOFZsRFRON1BFZVkyYmxWR3E2dGNxdEs4?oc=5,
57,Rakortas Tingkat Menteri Penyelenggaraan Program MBG - Kementerian Pendayagunaan Aparatur Negara dan Reformasi Birokrasi Rakortas Tingkat Menteri Penyelenggaraan Program MBG Kementerian Pendayagunaan Aparatur Negara dan Reformasi Birokrasi,Google News,"Thu, 06 Aug 2026 09:07:05 GMT",https://news.google.com/rss/articles/CBMimgFBVV95cUxNUlplRXVUcV9YNDlFZ3dJR2VoYnp5ZHJCZmZRcy1ucWtVbWU3U3pHTXBLT1Zadno2TEpaOWtRVHpUd2E5cG5nYTVCNHdMNkxNdWRzWW92N1VreF9pS0hfVFVNc3I0eFpJM0JQQzBJR0YyX3h2VHFqeXhnVDZrQzUwQmZjaVp3X0pqcTlJckVqVzd2Z3dUMTNVN2hn?oc=5,
58,"Pastikan Kualitas Gizi Terpenuhi, Gubernur Hidayat Arsani Dampingi Mendukbangga/Kepala BKKBN RI Tinjau Layanan Program MBG 3B Wujudkan Gizi Sehat Untuk Ibu Dan Anak di Babel - Pemerintah Provinsi Kepulauan Bangka Belitung Pastikan Kualitas Gizi Terpenuhi, Gubernur Hidayat Arsani Dampingi Mendukbangga/Kepala BKKBN RI Tinjau Layanan Program MBG 3B Wujudkan Gizi Sehat Untuk Ibu Dan Anak di Babel Pemerintah Provinsi Kepulauan Bangka Belitung",Google News,"Thu, 06 Aug 2026 07:44:08 GMT",https://news.google.com/rss/articles/CBMi0gFBVV95cUxNeVVZR1I0ZHBNLUdhX0VTWENzYTdZUHRpQ1pCZV9BYUQ2U0djcndhNE55ZjB5cVZUeFRfZzdGSmdsWU9xUkxSZlR0QjEzN0tKRzY4Z3lYNjhoSWhOaFNwMnRxeEhpZmVnN3JuSXJTX1J3SDdCNFpyZ3BNOVlLcjNfbWxpbUxkeTZ5NGlCZEUtY3RvMko2cjktaGJPVXQ1dTBqUEU4aWJnY285aG9jY1dBNXRxSFRjVnlkSW1qeTAxR1o3YlpOdnVSYkktWEFjZEJjekE?oc=5,
59,PO Box 45000 BGN Dibuka untuk Aduan Masyarakat soal Program MBG - Batamtoday.com PO Box 45000 BGN Dibuka untuk Aduan Masyarakat soal Program MBG Batamtoday.com,Google News,"Sat, 08 Aug 2026 08:34:21 GMT",https://news.google.com/rss/articles/CBMiqgFBVV95cUxQakZONXdObFFubjY0Y3h1RTY3MjBMY3laTGotYzF5TWxLMHJxR09uUDJZekpmcWxjYXF5bGMwWlQ5dG5RZjNIdnpqOG5udzFuLUJvVmJGTFhFcmFwd3ozczNFSHhDa0lDdG5IY3dCNmFXQWwzdnJtZjQ0Skh6TWFvb2ZxSldjRjFZQ0lsUXpJREFUdzhtcGhSdGRRLU1HWWVCeUFFbks5Z2FDZw?oc=5,
60,FoSMAS Dukung Langkah BGN Perketat Pengawasan Mutu dan Keamanan Pangan Program MBG - thejurnal.id FoSMAS Dukung Langkah BGN Perketat Pengawasan Mutu dan Keamanan Pangan Program MBG thejurnal.id,Google News,"Sat, 08 Aug 2026 13:18:15 GMT",https://news.google.com/rss/articles/CBMiuwFBVV95cUxPMzVRRmx0QmtzMUhqb0pNQjYwSWxESzNJajVGMmI5TXdVY1F6U0JrLWU4QzBNN2NRU0hpdUEybUVZTlFMNGFJdnk5VEx4bDRzV3dfVnowYVBGZVJ5ZExXTWhpejA2eThtRUR2TXBYS08yRXJIcjFwV2FLUk5VRktRaVVyVUZGQXhiU0lwWV9nREVWTmpOVFlWUVFKWVpYaHZmczJrYzdheldlaC00Skt4aFpNcl82clRNN1BN?oc=5,
61,Hashim Tegaskan Program MBG Akan Terus Berjalan Selama Prabowo Memimpin - Arrahmah.id Hashim Tegaskan Program MBG Akan Terus Berjalan Selama Prabowo Memimpin Arrahmah.id,Google News,"Sat, 08 Aug 2026 14:30:10 GMT",https://news.google.com/rss/articles/CBMimwFBVV95cUxPeDVTWlZFekhHYVVyd1lHTl9pS19PY1QtOVY1UGxfYnFuUE5LdVBMWWZyc0VpN19JdXZQVDhUNEEyTk1XdDdZQVZUWHpLOFdBOGhySnNvVFVTRENBeGZQa19zaVVhQVU0UFBfRUN5MHg2alVZQV94c0QzZXNxOFFiMGVWRS12WnBRM0dKZDN4RFhnVlM2U0tUVGczOA?oc=5,
62,Sekolah Swasta Elite Segera Dicoret dari Penerima Manfaat Program MBG - Riau Online Sekolah Swasta Elite Segera Dicoret dari Penerima Manfaat Program MBG Riau Online,Google News,"Sat, 08 Aug 2026 05:02:00 GMT",https://news.google.com/rss/articles/CBMiwAFBVV95cUxQYm90dUhsOXAwVEk4blgwQnlxVWNHbjRTeTNwXzFZY3BQd1J4Z08wNGZ6Q1JnVzV5dzRrTHBGRWRTVUJvOU1oVkdiYXlkNHo2Y01QeXp4VUdyX25CUUppdXpydnNJNHBKWHk2bUxHQndFX0ZLOXNLbHB6cHEyTk84Qk5VWko1TEs3aHJ4TU9Fb21OUDB6SkRLcHZSM2VXNXRISmV0Zl9vek5GVlQ1c1FncjdVTjJjQjlpYlFaNHl4d0I?oc=5,
63,Penggunaan Anggaran Pendidikan untuk Program MBG Inkonstitusional - Hukumonline Penggunaan Anggaran Pendidikan untuk Program MBG Inkonstitusional Hukumonline,Google News,"Tue, 04 Aug 2026 02:25:47 GMT",https://news.google.com/rss/articles/CBMixAFBVV95cUxQUU00eGtVb0pFMjRucG9yWjhUVUdDZ1M4NGVFRGZfX3B3elJvNmp6SkJjSWNDU1VEOFR2YkRkMUc4M3NUcXdnVWJOMk5NYk9Icmc0djcyNE00LVY1b0ctMUh4MXU3STBxbWR5RmZWSzgyeVNib3c5MmhEUG5zZUFNVjF4Sk5oU0Q4SlJnUmEtY1BUS0pGZ1RDNzZ0X3ZTdnJPMURMdS1LNnhIRlBaTzF2LXNzUkVPV3JuVDFQWUwzV1JPQ0ZJ?oc=5,
64,"Sasar Bumil, Busui, dan Balita, Program MBG Hadir di Padukuhan Gempol - InfoPublik.id Sasar Bumil, Busui, dan Balita, Program MBG Hadir di Padukuhan Gempol InfoPublik.id",Google News,"Fri, 07 Aug 2026 03:00:05 GMT",https://news.google.com/rss/articles/CBMixwFBVV95cUxQQzNkTWpjazM3WXRrdlVHeGJLSS1CVVM2MDROQ2RNTHJ0TGJlb0hWakY0bVVfWkJwcDFJa2RLYWxuWndPUEJucjl5RTZXa3V2UUQwZjFrV2JKM0QyYXU3UFViZFhha1o1SmFvZEwyTmlTSERnZEN3RDN1UkVKdkYxMmNMbF9QZ29aRHYyTHNLRWZfVndHZHdmTFBwR3Q4bGxxa21GYlN5b2dYdS1FdnRVemlCM2NGS2FtYnpRUUdqWXRjeDZ1bVI0?oc=5,
65,Konfirmasi Keberlanjutan Program MBG - BBPMP Jatim Konfirmasi Keberlanjutan Program MBG BBPMP Jatim,Google News,"Tue, 04 Aug 2026 05:05:12 GMT",https://news.google.com/rss/articles/CBMiigFBVV95cUxOQ0NCQ0dYVGdFNllJR1NtUkNxM1lxUGlNdDJhQWRhNFU5eF9tQ1hJa2ZTVHdVYTdlUDhiSVJCcUc1VzNSNkIwZmVZTzVYT29sb29qWHpKdDR4NkZTcEJNRTVBbTcwbHhjeW9RM1Z5R09ZWHZqZkJrcFcwUTNVRWNHakh4MU1nZHBfRkE?oc=5,
66,BGN Mulai Coret Sekolah Swasta Elite dari Daftar Penerima MBG - CNN Indonesia BGN Mulai Coret Sekolah Swasta Elite dari Daftar Penerima MBG CNN Indonesia,Google News,"Fri, 07 Aug 2026 12:12:20 GMT",https://news.google.com/rss/articles/CBMiwgFBVV95cUxNZ1BZdm5GUjF3MGhKSTBXaE1PS1lELTZOSklmaWVtVW9xMmJzdjFBbWpCSDctSy1oSUM3aVpnRGZoWHJJN2F5XzV5Vl9GYVRMSi0xRjFQS2haX0xzVnNVOXhLZUZXdkJBQm5XcVNYX3lRTXR6RFFyUWJDVU5KWWl3MmFtbHVJMzYzcWUzc3dodTNqNTVOdVFtTFNtNDA0cGRHSlJZSkVrN0J1NzlJam1YcVRYa3pnMF9EbjBWa01vODRTd9IBxwFBVV95cUxOdHNhMUJ1UGRDUllocUZSdXNkaERTa0tLYk9jb245ZHFFcS13LU5kR05mMUpKWDFRZ2JPb3pFNTNfZjBoS2pyREtVUHMzZXZaSERlMjdMN09JUmU0MWhGVmtQbVhnTnh3SEN4dWNqS1VaMzBGa3kxNlloMDI4Tk1vb0J3STEzQktWbFpwVFFVeUs4aEdfcjB6VVFsNmFKOG5qNkVLQjByN2d0ZTl1MHJ2aHMyckE2eldqeWZETU9PS0NHRHlkUDBj?oc=5,
67,BGN Sisir Sekolah Swasta Elite Tak Butuh MBG - detikFinance BGN Sisir Sekolah Swasta Elite Tak Butuh MBG detikFinance,Google News,"Fri, 07 Aug 2026 14:25:04 GMT",https://news.google.com/rss/articles/CBMipAFBVV95cUxOY0psY1gwZUx5dEkzR1lOVzRYNm1Dazlvc0pkamZJdFhUQlRGb3djZ0RRZnp0Z3Nyd1pDc09yUmhib2pJY0ZGYkRUazhwYjZ1UWwzMmUzWHFfMV95eWVNTS1YYmx2amJtaTVkalZyUkNvQTJkd3JEekRTX2J2aXJrU1Nua0M1ci0yR1VRU0c5MnpGdVZYZXlnUWRBX0QxUmVRbTZ6TtIBqgFBVV95cUxNMG84bFhxWlFubGtZdlFCZjVuZncxdFlBNk44ZnFDR2ZlTVJUV0NxQ3paRFZWY0RYNTBnUXAyczlLSDIzdEpsUEFEelAzYjJoVm9uMlBxTHBoblAtb29YQzZBdkFPMGFiLTlMOGdmemhFcVZ3NkpnbTFLbU1QbTdsS045LVhNWklqQ1lRSkZVcGxCYzN4UEwtNUQwQmxTdXZpUF84OXdaSnk2dw?oc=5,
68,"Gebrakan BGN: Sekolah Elite Dicoret dari MBG, 66 Kepala Dapur Dipecat Karena Judol & Pungli!",Google News,"Fri, 07 Aug 2026 12:46:01 GMT",https://news.google.com/rss/articles/CBMi0AFBVV95cUxNOHp1M0xUY3hkbzdBcm5RNldVM1ZnMXY3Y3gxbkpQU1dQeVhWM3hleEZ2OGpFbXZMRU5DV2ZyMTQwRUg4UllLNGtQQnBMYmlpajEtTEFTTDlYVy1MaUE2S00xdmY2VGJXZExwd0FkRlFIdF8zSnhQZHVtZW9Cd011bGZjRjlrMDhiNjF0M08tZGJneHFfUXhYWVh1YkdXRTBHemVYa2JwNzZ1MlJfRXFEWGNvVkxSb21QZWczWVlmVG9jZExhNWJKZGJoMjJwNnJU?oc=5,
69,"- Wartakotalive.com Gebrakan BGN: Sekolah Elite Dicoret dari MBG, 66 Kepala Dapur Dipecat Karena Judol & Pungli!",Google News,"Fri, 07 Aug 2026 12:46:01 GMT",https://news.google.com/rss/articles/CBMi0AFBVV95cUxNOHp1M0xUY3hkbzdBcm5RNldVM1ZnMXY3Y3gxbkpQU1dQeVhWM3hleEZ2OGpFbXZMRU5DV2ZyMTQwRUg4UllLNGtQQnBMYmlpajEtTEFTTDlYVy1MaUE2S00xdmY2VGJXZExwd0FkRlFIdF8zSnhQZHVtZW9Cd011bGZjRjlrMDhiNjF0M08tZGJneHFfUXhYWVh1YkdXRTBHemVYa2JwNzZ1MlJfRXFEWGNvVkxSb21QZWczWVlmVG9jZExhNWJKZGJoMjJwNnJU?oc=5,
70,"Dugaan Keracunan MBG di Bontang Meluas ke 4 Sekolah, Dapur Ditutup, 44 Orang Dirumahkan - Kompas.com Dugaan Keracunan MBG di Bontang Meluas ke 4 Sekolah, Dapur Ditutup, 44 Orang Dirumahkan Kompas.com",Google News,"Fri, 07 Aug 2026 12:08:00 GMT",https://news.google.com/rss/articles/CBMixwFBVV95cUxNN0xrbVBQaDYzMmpobnlBT1FzYUJoN2ZtQURPMjhjZjlWR3RLNUdEd0JxTVZOSnRpTGxOVG5idlFMSjVWVUprYXhGR3dPcHlLWEczRTZBd0tTMTlGMXN6Z3dHdlNWMDNCSm1qTGJqMUNWbzY1ZjVrb3lJeXFJUnhWSi1KQ3owbTBEc1MzZEFHMlNOVnlobGNEQng1RWtxU1loX1pxR01XUmVWdkU1N1ZiSXZSbTY4bmctNDF6ZmRvREcySmpTVUlv?oc=5,
71,"Bos BGN Minta MBG Jangan Dibawa Pulang-Dihabiskan di Sekolah, Kenapa?",Google News,"Thu, 06 Aug 2026 10:35:00 GMT",https://news.google.com/rss/articles/CBMixAFBVV95cUxPUHhwME9SalJVcVFpTmFYM3NMSGpXSl91YUpOdUJqTVRUX1FGWFlqV3lCMDdvT0w4UWUtcFJpLXRfVExNMFVkRWZONGpFbk5TcnNueUx4bjJCQjVZalNrOXZHS0hwTWxrSXE5WXRvNjYtQ29VZURJYUpzWDQ4LUtHSTAtNXJnam91aVUyZ3lnUUFBMVU5dXppSXZQbkpjaTljQTdLME44YzdVcGxWcEdKaE5iNXc4bkxnVWFxamg0OTlDdGtH0gHKAUFVX3lxTE12TmJkVUdKYUJaYUUxNjl3UDl6d191QndDbU9QSG43eHZLNUZmWWRGNmo3RjRuR19tMTVtNUxrenJfck5VU1VyR0VWNzhUUDNsNm1wcy14amRtdnVHRWtRbVB2M2l1M3N5WVBZQ2pHUDNuWF8wVkx5S05jSndaUXc4bTJOeTI3V29XbkpKZThCYWtTbnE5Tm9TQ1BpMXdfSHdENDdmWXNlZUhtSUh2Z2RfRFF4RnQxNjltLUZaOXlNWHJUVXNhVTVUMEE?oc=5,
72,"- CNBC Indonesia Bos BGN Minta MBG Jangan Dibawa Pulang-Dihabiskan di Sekolah, Kenapa?",Google News,"Thu, 06 Aug 2026 10:35:00 GMT",https://news.google.com/rss/articles/CBMixAFBVV95cUxPUHhwME9SalJVcVFpTmFYM3NMSGpXSl91YUpOdUJqTVRUX1FGWFlqV3lCMDdvT0w4UWUtcFJpLXRfVExNMFVkRWZONGpFbk5TcnNueUx4bjJCQjVZalNrOXZHS0hwTWxrSXE5WXRvNjYtQ29VZURJYUpzWDQ4LUtHSTAtNXJnam91aVUyZ3lnUUFBMVU5dXppSXZQbkpjaTljQTdLME44YzdVcGxWcEdKaE5iNXc4bkxnVWFxamg0OTlDdGtH0gHKAUFVX3lxTE12TmJkVUdKYUJaYUUxNjl3UDl6d191QndDbU9QSG43eHZLNUZmWWRGNmo3RjRuR19tMTVtNUxrenJfck5VU1VyR0VWNzhUUDNsNm1wcy14amRtdnVHRWtRbVB2M2l1M3N5WVBZQ2pHUDNuWF8wVkx5S05jSndaUXc4bTJOeTI3V29XbkpKZThCYWtTbnE5Tm9TQ1BpMXdfSHdENDdmWXNlZUhtSUh2Z2RfRFF4RnQxNjltLUZaOXlNWHJUVXNhVTVUMEE?oc=5,
73,"Ada Cacing dan Ulat di MBG Sekolah Musi Rawas, Ini Klarifikasi SPPG - IDN Times Sumsel Ada Cacing dan Ulat di MBG Sekolah Musi Rawas, Ini Klarifikasi SPPG IDN Times Sumsel",Google News,"Thu, 06 Aug 2026 02:53:25 GMT",https://news.google.com/rss/articles/CBMiywFBVV95cUxNQWNYZXlBOFhYWmZ0QjNqR0ZSQkVKc2NfTWVpeVFEMkVjWFc3blhiMlc3dGw1bVVPQkI4WUltRmdlbkd0dm5ybHh4S3NpelpFLTNHa3lzSHhFQXhEaTdYS0FWWHVzUDZnWDdUb2JBT1V0ZXJ2RElFVWQybzBqcEJSV0lxa2Roc3hJTWFHdThsLW9OaVJfVU9XdWQySU9walhTVks4ZXpEWU1HTW1VeU5DVTRCVEFCUTRqelNFakowNmREOFo4OHk3SjhaUdIB0AFBVV95cUxQb1lHRUNfdVlNTXhiaWRJd1RYVUFqWjFJZDFyV1Z6WDFKWEp6Q2FXb0dPTmxxczdyZ2p1MHFnRk9pMlE0SEc3WFo5MUF4RnhvakE1MHdFVEVlaEpiWWdrZEU2S2pfX0hVc1h5UDBKWENzNHJyT3U3ZlJSMFdmaTBOVWdzdDNHc09UUEdkZ2JmYmlCRFdyYWFuNGJMaFVHOURXbjNfZ3ZPNFQ1R1FTazNvUE9IckVvRENRRnVBSGZGZ01WTWpuMlA2VVQ4TUZZb1ZB?oc=5,
74,Kepala BGN Sudaryono Minta Guru di Sekolah Ikut Santap MBG: untuk Edukasi - iNews.ID Kepala BGN Sudaryono Minta Guru di Sekolah Ikut Santap MBG: untuk Edukasi iNews.ID,Google News,"Thu, 06 Aug 2026 09:53:00 GMT",https://news.google.com/rss/articles/CBMiqwFBVV95cUxOVjB5UzNpdXd1Z2tMSU5Ndm95V0Q3dDV1QkZ5SVdueHRzLUV3ZXVZdzRNdVRPMVR0RHppMHVIR0dmRE5LVnVWR19sSmhVTW1sLVNUMWZWLXBEU2ZCckpoM1pwYmJMNmpHS3djYnNYaUdsVGc2UEF0Rk5IQWZCa3d1ZGFha1NCZ0YzRUpHbHk0WWo1TEpkczFuOXpOUS1iVmM3UWk1WGttSGpQUGPSAbABQVVfeXFMTkdFcmwxSHdaMDN4N0VhODZVQ3FpaUVFR2lFcmRlcWhiaG5sZklnTVd0TTJBVVNTYmprOEVIT0ZZVzFHWEZ5YTRNNzIxNnBlR0U2VE5kVVdjaG0xaGFmdUJOSDNZSmhjamRxYXkzZXI4OG0tbFBUNkxVQktvcHJvRDdTeXpQVEJUdlZDS3MyWWZXQkUwc3BfYXFFUjF4S2hRaGRTbEFBYW9LdVBhSm1kSXo?oc=5,
75,Murid di 4 Sekolah Diduga Keracunan MBG; Dapur SPPG Bontang Utara 2 Disetop - Klik Kaltim Murid di 4 Sekolah Diduga Keracunan MBG; Dapur SPPG Bontang Utara 2 Disetop Klik Kaltim,Google News,"Fri, 07 Aug 2026 10:41:17 GMT",https://news.google.com/rss/articles/CBMitAFBVV95cUxQNWJvTmNrb2pFMngxVHBkYVhkVGU1VG9ic25hb0p1UzJwSnJTNnFjUDZzZWtKNFpralpBVWlLdHZ0bjhCZDVpZkpxOGR4aUg3X3I4Vm8xRE5mYmFhLTVNTC0zMExwLS1WbzN4OGNza0wtZUgwVlhEeGw4ckJ0ajVCYXozUjlCVjFCYWZyUTljODRpdTlBWU1JS1U5SjhuelV3WG1iVU5XN2ZtZWlUTEFvVWVoZWI?oc=5,
76,"Santap Menu MBG, Ratusan Murid dan Guru SMPN 5 Rembang Diduga Keracunan Massal - TIMES Indonesia Santap Menu MBG, Ratusan Murid dan Guru SMPN 5 Rembang Diduga Keracunan Massal TIMES Indonesia",Google News,"Wed, 05 Aug 2026 10:15:00 GMT",https://news.google.com/rss/articles/CBMiygFBVV95cUxOeldhMENDNGZpUno0RzV3ZzVNWlNhbWFoU0NKUzZGZWV5RTY4X280U3F1UXpodkZBUi1IRVhZVTVlNTdDRFNYdkkzdUNEN2tadVJhN3R6V3RGT2dWeHR1VHZFeTQ2R0Z4dy12OVlpX2wyRGM1dG11YjNKZzdFN2JVNERVdDEwaWd6T1d6NWhORUgxNDAtakU4bGprMDFiRi1LbnZXMnV5MmhxOEpRLWRiclJ5N1h6Q1lqNVlKVkpsbjlFZ0dMa1d5aXZn?oc=5,
77,"Cegah Keracunan, Sudaryono Ingatkan MBG Harus Habis di Sekolah - Liputan6.com Cegah Keracunan, Sudaryono Ingatkan MBG Harus Habis di Sekolah Liputan6.com",Google News,"Thu, 06 Aug 2026 10:00:15 GMT",https://news.google.com/rss/articles/CBMiqgFBVV95cUxPSndDY3FvbmU5UGtoTzZKTFVJUFR4YlF6R3dnZXNiQkpKNGIzMlhweE4xQ3R3TUQ2d0ZJbDdaRlllTlRoaXFKekxCTFgzbmhHOEFWS2ZodnJ5Rm9ma2NrMy13aFFBa2tOZS1ENGctTGIydVVULU84V2pPM201N2QtTVN3ZDkzVUd3TkNlUGthWWpWOEgwUGhkbElsV1M4TVNBZ1J3ZDhkWDI3Z9IBnwFBVV95cUxQaWlYcFBncXJmMnUxelBraXljTS1DTXc5V29aR0Vqbng5aERXTUwxTjJCU3B2T1FLYjliRFFPUVlUTjM2TmdHSDR1UU1FSTA0aFY5ZElkMEp3MHFhOW1iT0RjdEFYWXR2NDVyR2RrTlR1VWlYSFcwRE94NDFnUFJnVzlKR2JCVE13RFBWOU1CdEQxQTc0Z0RNZEJlSEFDSUE?oc=5,
78,"Ayam MBG Diduga Bau hingga Tak Dimakan Siswa, SPPG Akui Lolos Quality Control - bandung.kompas.com Ayam MBG Diduga Bau hingga Tak Dimakan Siswa, SPPG Akui Lolos Quality Control bandung.kompas.com",Google News,"Wed, 05 Aug 2026 08:00:00 GMT",https://news.google.com/rss/articles/CBMi1AFBVV95cUxQeEVPM3ZlbWxzMmp6cXZfQ0JMRzNPYWdzTmdzcmxLY0JNVm1nbjJIVXdDN1BMQ1pEWjFqaGlvX2VTM21CdzV4WVNxYU9CNEVDcUNBZ0JBdUFCWmtFRHhCV3JVMW43TTRITTdfRnJBbFBCRTNYZDBxQzZOMHVpZjV4eDZycmNYQmFDMmQtMzZuTVVKeUNlcHZUUkRCRUNPYmtJSXBPVElOWDVmclh5bl9Kc3ZDREMtSnpOV3RpUWlsRGJwcDFfZ2MtRW5iam1ZWjlCOG95Vg?oc=5,
79,Pesantren & Sekolah Keagamaan Berasrama dengan Lebih 1.000 Siswa Bisa Bangun Dapur MBG Sendiri - Kementerian Agama Pesantren & Sekolah Keagamaan Berasrama dengan Lebih 1.000 Siswa Bisa Bangun Dapur MBG Sendiri Kementerian Agama,Google News,"Thu, 06 Aug 2026 09:16:00 GMT",https://news.google.com/rss/articles/CBMixwFBVV95cUxNYTktUlotT1RjT0pjT0dwYno5dlAxTWE2ZC1JelZmQ0l6Q0RiZmhab3VqbGtsRFJ6ckpVT1l5bE5iNVB3RTI2Vnc1RXJVeFN6WEhrTENHNTNsaUEtSlV4cjdGRmJzUl9wWV9TZ1pMQ0ZpZ1BBQlFSbnNUUEh3Q3dRd09uOExYNVU0SEFSQy1MMmVDM2x1eDJWbTFBT3NpZmM2M0xGUDVORmZDdnlmcVItMktybFFsSkFORjNNdmVMUFBDMWxzM1Z3?oc=5,
80,Alasan BGN Izinkan Pesantren Bangun Dapur MBG Sendiri - Tempo.co Alasan BGN Izinkan Pesantren Bangun Dapur MBG Sendiri Tempo.co,Google News,"Sat, 08 Aug 2026 12:19:00 GMT",https://news.google.com/rss/articles/CBMilAFBVV95cUxNM2JJbkVkZTFOcnBDZmtodElzckhUSElTR2NhZktCczlfaUh2MUdJR01qeVlHVVdLaGdVY0VveS1BdndqcU51aWY5SWU5NURkeEhjMjZYcTlFcVpERy03YWs0WXIxTXd5bWpvWGpGTUNYYzdGdDROOTA3Szg0Mzc3cGt5ZkZtT19qSVdvcThaZ2IySzg4?oc=5,
81,"8 Juta Penerima MBG Berpotensi Dicoret, Ratusan Sekolah Elite Tak Lagi Butuh Makanan Gratis - Warta Ekonomi 8 Juta Penerima MBG Berpotensi Dicoret, Ratusan Sekolah Elite Tak Lagi Butuh Makanan Gratis Warta Ekonomi",Google News,"Sat, 08 Aug 2026 04:03:00 GMT",https://news.google.com/rss/articles/CBMixwFBVV95cUxQdkdBZWJfVUpIeGdnUUlob0FyenB1MWN6SlQ2VnpScmQwMEVxbEZwYzJITlZhbHY0VkMwbTBESVRPc3VyN3pXVlhQUVFtcXIwMEdBOWo4dVpJUXNXR1FSQVlJSlBzVk01ZVBZZm1NWDVINVVWd1A3RDFWMXdIZnFrNTY0T1piZXhDM1JQMDFvNnVLRGNEbElKazVTUmltbDI2ajlqMjVTYkpTODczNzlSS0RZTXRCOXJjallpajlSV2c0SFBfa1ZF0gHMAUFVX3lxTE9ZLUNybUJVMGNYVHJ4aUZlcTN4RUJPRkVGSFZKaWVzRU9jMjhTZjIzTVkwS0V3VEo1SVc0ZFJ4a0Joa1UxX0xQaXhZblhpOGVOQUplcjljYVBkU2d5bVNlTFlQMU55djhzMHFKT2syRTNBNTNSZmNKY2p4a3hzWTFXRmpPamRSMDFuZlhxZlBqYWhsVmUyd2JqRW5UVGR4QkxDQWgxM1NWbFd4c0wxY1cwWjlHbFNhODlRaFViRFp5VHFkT2hZRTgzMHR1bw?oc=5,
82,BGN: Guru Seharusnya Tidak Urus Ompreng MBG - Validnews BGN: Guru Seharusnya Tidak Urus Ompreng MBG Validnews,Google News,"Sat, 08 Aug 2026 04:02:07 GMT",https://news.google.com/rss/articles/CBMingFBVV95cUxNS09vYWU2eklhbklMdEJBSFN2djFBVEN4bHIwVnNNYWJwM1NzeXQxbHJoYTFBb0I4d3hzWEJPVXFVcnUwQnNaSmF0Uk96eGhyUGhneTNIZllRN2FOM2w3M1pCZHpDTzZ5S3RIOHNBU3Q5UGphYW04aU5JZ29fXzRLMllvUS03ZWdnSmo4U0lqQmhvNjlTUnh1UDlNQ0RQUQ?oc=5,
83,"Dukung MBG, Kemendikdasmen Perkuat Dapodik dan Infrastruktur Sekolah - InfoPublik.id Dukung MBG, Kemendikdasmen Perkuat Dapodik dan Infrastruktur Sekolah InfoPublik.id",Google News,"Wed, 05 Aug 2026 05:49:39 GMT",https://news.google.com/rss/articles/CBMiyAFBVV95cUxOV0VTY3dWNE0tM2JubUJnN3pRM2RCY0gzS3VzV0c4R2sxVEc5R0ZWaGUtUXZVaXpyMlZ3NmdMSUhJV1J1SmNBY2h4WkVuX1VtVVFjZmszQTl2QThjc2VWcVo5V2EtM0MtQzhFMGhvekdfYmpVc0lnRXRHT2Z0Uy1Yc3l3cXpfTm9DcEdhYW90dUt4RW9pb2toTDd4MGFfZzJiUU1KVV93X3dKbmlLQWlrckhrNlVsdjZTN2JsZnFzcmZVcHpBSzBueg?oc=5,
84,Kepala BGN Tanggapi Keluhan Guru yang Terbebani Mengurus Ompreng MBG - mitrapost.com Kepala BGN Tanggapi Keluhan Guru yang Terbebani Mengurus Ompreng MBG mitrapost.com,Google News,"Sat, 08 Aug 2026 09:46:17 GMT",https://news.google.com/rss/articles/CBMipAFBVV95cUxQMTc0ZVRobGNHc0VENDh1R3JjdGpuM2s0bm5ETnIzcVNzcUdmX0RRQ0hUWkVfT1Q5aUZneGd1UlRaRXFyVWtNNEVHQmMxTGM3Qm5oNGtoeEhFTFg4RHNqYkR6UFBycHJESHJqT3pOak1LQUlzb0loS2Z3d1ZKdDY2dkdjRUI0Tl83LUdHVDlCaEdqM09Ic3R4eC1UMGVFdGkxM2N4RA?oc=5,
85,"Dokkes Polda Sulteng Jaga Kualitas Menu MBG, Pastikan Makanan Sehat dan Aman untuk Anak Sekolah - Website Resmi Polri Dokkes Polda Sulteng Jaga Kualitas Menu MBG, Pastikan Makanan Sehat dan Aman untuk Anak Sekolah Website Resmi Polri",Google News,"Thu, 06 Aug 2026 07:38:43 GMT",https://news.google.com/rss/articles/CBMi4AFBVV95cUxQeWhnN2JQbm9VU1NPOGNmTk5JSlVsLTZYa1VLZG9jbi12M2ZOMHNWMUpNcXB2OEQ0ODVibWVablRyUWFNYU5fc2R5b0U0V2w5d0hSUzlMbk1KNmVEd2tlQnp5dDYyYllISldUcmdqUl9hT2NHeDBVLUV5UGdoNjZLei1WV2Q4MFBXREpBWDM5b1Via19nMWFDSkFDRFZwWXZ4N0puZ1NZc0RBZXpRNjFfMjlqb3AyT09Hb2FFUlc1Tmx6am5qWm52SXg3aHhIcDMtSEhjU1FYbGtOd1lEci03TQ?oc=5,
86,"Keluhan Guru soal MBG, Sudaryono Ungkap Tiap Sekolah Sudah Punya 2 Petugas Khusus - Kosadata Keluhan Guru soal MBG, Sudaryono Ungkap Tiap Sekolah Sudah Punya 2 Petugas Khusus Kosadata",Google News,"Sat, 08 Aug 2026 02:00:00 GMT",https://news.google.com/rss/articles/CBMiowFBVV95cUxQVmx4QmFMd2xwVTdWQ1M1TURDLWtoX1E2VUttdmhCbmktZ0lBMDB3WXJUZmpXZUVoSmk5RUx6Z1Ryby1QeS1oYk9xb0V6bHFRc0h2alp6SmlZTmZNbzlIWFY1UC16Yk91ZGhCbUhkeHZLcS1NYjJUYzZZMVo4YzR0QVRIUHJ5eUdLdF8tZ2hhcE4yVWx3aWNkQ3hoS0czVXdJX3ZJ?oc=5,
87,"BGN: Minim Sanitasi, Sekolah Umum Belum Layak Bangun Dapur MBG - Bloomberg Technoz BGN: Minim Sanitasi, Sekolah Umum Belum Layak Bangun Dapur MBG Bloomberg Technoz",Google News,"Fri, 07 Aug 2026 12:20:00 GMT",https://news.google.com/rss/articles/CBMisgFBVV95cUxOeFJVVUZwblJsRjRPYXJ1eWdJX1ppOWFndEtidGNtZjVEN3gwNUJCRWd3OUVkckVVRWFLSVhiVHljUkZCMjc5ZTFBeE5WRjVZNU04eUhLR0ZPaVpkWl85LUtZMVFSRUdleWJvcUVWLUNLb2g5a1JMTWF3U0FIVUlhdUJ1SS1PYXdQd3Q4MGQ1WmJFb2I5YWM1aTJrV3NZWkxrcHFUblFkb2ZzTHhFSk15LXp3?oc=5,
88,Sudaryono sebut MBG tidak boleh dikonsumsi lebih dari empat jam - ANTARA News Manado Sudaryono sebut MBG tidak boleh dikonsumsi lebih dari empat jam ANTARA News Manado,Google News,"Thu, 06 Aug 2026 12:20:01 GMT",https://news.google.com/rss/articles/CBMiqwFBVV95cUxNUkFud09mQjJFRHBYRnR2S0ZvMS1fb3VzOGd1NmM4SUpNWk1IQ19UU3pyTUprMjFZYlZMdkRPZzRTTmU3Wkt1UjNSdXBJb1JKdVMzRGRDTS1rbzk1X2cxdF9ESzBCNDVXTThmWC16b0syU0RtdXoxbVpyMGwwbng1V3gwX1JGbFAwaU1OR0VyMGV3bGlHQlVRalFGLWtlcE9sMV9yOEY1d190RkU?oc=5,
89,BGN Tegaskan Guru Tak Boleh Terbebani Urusan Teknis MBG - KalderaNews BGN Tegaskan Guru Tak Boleh Terbebani Urusan Teknis MBG KalderaNews,Google News,"Sat, 08 Aug 2026 10:06:30 GMT",https://news.google.com/rss/articles/CBMilwFBVV95cUxQdVFjX2VNb1N2SVF6ZHJyUFZZTDRrRzh2VmRGRlhidFNUb0Frb0dWeVRKLS1fZjhhTmFRNlFzLUdOZ2xqX09pWmpJVnJxRFZpRV83Z3BoMnZHeFZsRGtRWXZFMjhVN2RCeXZKSzd6Vk9VMnpudEpJZUV6WGR4UTI1QXViNjNSc2NqVTc4VjFUUDF2cmxhcmFv?oc=5,
90,"24 Siswa dan Guru di Bontang Alami Mual-Diare, Diduga Usai Santap MBG - nomorsatukaltim.disway.id - nomorsatukaltim.disway.id 24 Siswa dan Guru di Bontang Alami Mual-Diare, Diduga Usai Santap MBG - nomorsatukaltim.disway.id nomorsatukaltim.disway.id",Google News,"Sat, 08 Aug 2026 09:52:00 GMT",https://news.google.com/rss/articles/CBMivgFBVV95cUxPR2t6dTVuc0hVeFN2TlV2UVhiTGJzR1FUcDRlcmdXWjM4Y2x5aUVGLVpoZTl3cE9jTzNmeHRSQ21QOW0wM3JPUHViTVFiRV9aSlY3QUNFWThuUkpqRDU3WFlLdUZYcXZwRnBkbDZaQkpDLVVHQWxyNnpjSHVRaVk2eGFiaUNMMDB0cDFiOUplZS1mdUZJV21xTWtOVkZVeVBqa08tUWlKUk9UV3ZVRHpPdGtSd0hJYVY1aU9jazFn0gGyAUFVX3lxTFA2NVVJdUpnY18tYVZFRlcyMFQwQ1ZXVVhrUks4UHNEYTkxUHpMdVB0UmduamRDSlYxSm1Xam5JUktXb1RjajVaUi1FX1pzSTRMV3psOFg4TDU1OFZkQ3lIR3NYYzdtX3FvdERlRXRVSzZDc0dPNjEtNlh1MmlOdTEzTXptQzAxQnpzRjlnd2NTNkdKRTNPZTJKOGp2c1A3cnU3cGFNRFM0T2V1Z3lLcHZJSmc?oc=5,
91,"Sinkronisasi Data Calon Penerima MBG, BGN Temukan 6 Juta Data Ganda Siswa - Indonesia Satu Sinkronisasi Data Calon Penerima MBG, BGN Temukan 6 Juta Data Ganda Siswa Indonesia Satu",Google News,"Sat, 08 Aug 2026 04:25:00 GMT",https://news.google.com/rss/articles/CBMiqAFBVV95cUxNdTk5Q09LT003OHJNMmo0c2pJOERDOHM3a2VSUldkYU8wZG5jNlpEelhOQ0xJTGE3U1pTUmx1b0hBdW16bXVEd0IydEpweXB3WFNlZkZXQjFwVzNHZklkWFB1SnpvclA1MWltck5adWM3SXZtT0hiV3RNemlLMFF0dTVTdnJHNzR1bG9uVVJmRWV1TElVdExackFsZkZ3aGtibjVHbVlPS2I?oc=5,
